--
-- PostgreSQL database dump
--

\restrict mdEIM66yrJnDueYKjaKmoik9QzHv377aBk19pYCuGyfP12qnGU8sKO4fDr2nAAD

-- Dumped from database version 16.13
-- Dumped by pg_dump version 16.13

SET statement_timeout = 0;
SET lock_timeout = 0;
SET idle_in_transaction_session_timeout = 0;
SET client_encoding = 'UTF8';
SET standard_conforming_strings = on;
SELECT pg_catalog.set_config('search_path', '', false);
SET check_function_bodies = false;
SET xmloption = content;
SET client_min_messages = warning;
SET row_security = off;

SET default_tablespace = '';

SET default_table_access_method = heap;

--
-- Name: auth_group; Type: TABLE; Schema: public; Owner: clay_shop
--

CREATE TABLE public.auth_group (
    id integer NOT NULL,
    name character varying(150) NOT NULL
);


ALTER TABLE public.auth_group OWNER TO clay_shop;

--
-- Name: auth_group_id_seq; Type: SEQUENCE; Schema: public; Owner: clay_shop
--

ALTER TABLE public.auth_group ALTER COLUMN id ADD GENERATED BY DEFAULT AS IDENTITY (
    SEQUENCE NAME public.auth_group_id_seq
    START WITH 1
    INCREMENT BY 1
    NO MINVALUE
    NO MAXVALUE
    CACHE 1
);


--
-- Name: auth_group_permissions; Type: TABLE; Schema: public; Owner: clay_shop
--

CREATE TABLE public.auth_group_permissions (
    id bigint NOT NULL,
    group_id integer NOT NULL,
    permission_id integer NOT NULL
);


ALTER TABLE public.auth_group_permissions OWNER TO clay_shop;

--
-- Name: auth_group_permissions_id_seq; Type: SEQUENCE; Schema: public; Owner: clay_shop
--

ALTER TABLE public.auth_group_permissions ALTER COLUMN id ADD GENERATED BY DEFAULT AS IDENTITY (
    SEQUENCE NAME public.auth_group_permissions_id_seq
    START WITH 1
    INCREMENT BY 1
    NO MINVALUE
    NO MAXVALUE
    CACHE 1
);


--
-- Name: auth_permission; Type: TABLE; Schema: public; Owner: clay_shop
--

CREATE TABLE public.auth_permission (
    id integer NOT NULL,
    name character varying(255) NOT NULL,
    content_type_id integer NOT NULL,
    codename character varying(100) NOT NULL
);


ALTER TABLE public.auth_permission OWNER TO clay_shop;

--
-- Name: auth_permission_id_seq; Type: SEQUENCE; Schema: public; Owner: clay_shop
--

ALTER TABLE public.auth_permission ALTER COLUMN id ADD GENERATED BY DEFAULT AS IDENTITY (
    SEQUENCE NAME public.auth_permission_id_seq
    START WITH 1
    INCREMENT BY 1
    NO MINVALUE
    NO MAXVALUE
    CACHE 1
);


--
-- Name: auth_user; Type: TABLE; Schema: public; Owner: clay_shop
--

CREATE TABLE public.auth_user (
    id integer NOT NULL,
    password character varying(128) NOT NULL,
    last_login timestamp with time zone,
    is_superuser boolean NOT NULL,
    username character varying(150) NOT NULL,
    first_name character varying(150) NOT NULL,
    last_name character varying(150) NOT NULL,
    email character varying(254) NOT NULL,
    is_staff boolean NOT NULL,
    is_active boolean NOT NULL,
    date_joined timestamp with time zone NOT NULL
);


ALTER TABLE public.auth_user OWNER TO clay_shop;

--
-- Name: auth_user_groups; Type: TABLE; Schema: public; Owner: clay_shop
--

CREATE TABLE public.auth_user_groups (
    id bigint NOT NULL,
    user_id integer NOT NULL,
    group_id integer NOT NULL
);


ALTER TABLE public.auth_user_groups OWNER TO clay_shop;

--
-- Name: auth_user_groups_id_seq; Type: SEQUENCE; Schema: public; Owner: clay_shop
--

ALTER TABLE public.auth_user_groups ALTER COLUMN id ADD GENERATED BY DEFAULT AS IDENTITY (
    SEQUENCE NAME public.auth_user_groups_id_seq
    START WITH 1
    INCREMENT BY 1
    NO MINVALUE
    NO MAXVALUE
    CACHE 1
);


--
-- Name: auth_user_id_seq; Type: SEQUENCE; Schema: public; Owner: clay_shop
--

ALTER TABLE public.auth_user ALTER COLUMN id ADD GENERATED BY DEFAULT AS IDENTITY (
    SEQUENCE NAME public.auth_user_id_seq
    START WITH 1
    INCREMENT BY 1
    NO MINVALUE
    NO MAXVALUE
    CACHE 1
);


--
-- Name: auth_user_user_permissions; Type: TABLE; Schema: public; Owner: clay_shop
--

CREATE TABLE public.auth_user_user_permissions (
    id bigint NOT NULL,
    user_id integer NOT NULL,
    permission_id integer NOT NULL
);


ALTER TABLE public.auth_user_user_permissions OWNER TO clay_shop;

--
-- Name: auth_user_user_permissions_id_seq; Type: SEQUENCE; Schema: public; Owner: clay_shop
--

ALTER TABLE public.auth_user_user_permissions ALTER COLUMN id ADD GENERATED BY DEFAULT AS IDENTITY (
    SEQUENCE NAME public.auth_user_user_permissions_id_seq
    START WITH 1
    INCREMENT BY 1
    NO MINVALUE
    NO MAXVALUE
    CACHE 1
);


--
-- Name: collections; Type: TABLE; Schema: public; Owner: clay_shop
--

CREATE TABLE public.collections (
    id bigint NOT NULL,
    name character varying(150) NOT NULL,
    description text
);


ALTER TABLE public.collections OWNER TO clay_shop;

--
-- Name: collections_id_seq; Type: SEQUENCE; Schema: public; Owner: clay_shop
--

ALTER TABLE public.collections ALTER COLUMN id ADD GENERATED BY DEFAULT AS IDENTITY (
    SEQUENCE NAME public.collections_id_seq
    START WITH 1
    INCREMENT BY 1
    NO MINVALUE
    NO MAXVALUE
    CACHE 1
);


--
-- Name: django_admin_log; Type: TABLE; Schema: public; Owner: clay_shop
--

CREATE TABLE public.django_admin_log (
    id integer NOT NULL,
    action_time timestamp with time zone NOT NULL,
    object_id text,
    object_repr character varying(200) NOT NULL,
    action_flag smallint NOT NULL,
    change_message text NOT NULL,
    content_type_id integer,
    user_id integer NOT NULL,
    CONSTRAINT django_admin_log_action_flag_check CHECK ((action_flag >= 0))
);


ALTER TABLE public.django_admin_log OWNER TO clay_shop;

--
-- Name: django_admin_log_id_seq; Type: SEQUENCE; Schema: public; Owner: clay_shop
--

ALTER TABLE public.django_admin_log ALTER COLUMN id ADD GENERATED BY DEFAULT AS IDENTITY (
    SEQUENCE NAME public.django_admin_log_id_seq
    START WITH 1
    INCREMENT BY 1
    NO MINVALUE
    NO MAXVALUE
    CACHE 1
);


--
-- Name: django_content_type; Type: TABLE; Schema: public; Owner: clay_shop
--

CREATE TABLE public.django_content_type (
    id integer NOT NULL,
    app_label character varying(100) NOT NULL,
    model character varying(100) NOT NULL
);


ALTER TABLE public.django_content_type OWNER TO clay_shop;

--
-- Name: django_content_type_id_seq; Type: SEQUENCE; Schema: public; Owner: clay_shop
--

ALTER TABLE public.django_content_type ALTER COLUMN id ADD GENERATED BY DEFAULT AS IDENTITY (
    SEQUENCE NAME public.django_content_type_id_seq
    START WITH 1
    INCREMENT BY 1
    NO MINVALUE
    NO MAXVALUE
    CACHE 1
);


--
-- Name: django_migrations; Type: TABLE; Schema: public; Owner: clay_shop
--

CREATE TABLE public.django_migrations (
    id bigint NOT NULL,
    app character varying(255) NOT NULL,
    name character varying(255) NOT NULL,
    applied timestamp with time zone NOT NULL
);


ALTER TABLE public.django_migrations OWNER TO clay_shop;

--
-- Name: django_migrations_id_seq; Type: SEQUENCE; Schema: public; Owner: clay_shop
--

ALTER TABLE public.django_migrations ALTER COLUMN id ADD GENERATED BY DEFAULT AS IDENTITY (
    SEQUENCE NAME public.django_migrations_id_seq
    START WITH 1
    INCREMENT BY 1
    NO MINVALUE
    NO MAXVALUE
    CACHE 1
);


--
-- Name: django_session; Type: TABLE; Schema: public; Owner: clay_shop
--

CREATE TABLE public.django_session (
    session_key character varying(40) NOT NULL,
    session_data text NOT NULL,
    expire_date timestamp with time zone NOT NULL
);


ALTER TABLE public.django_session OWNER TO clay_shop;

--
-- Name: masters; Type: TABLE; Schema: public; Owner: clay_shop
--

CREATE TABLE public.masters (
    id bigint NOT NULL,
    telegram_username character varying(64),
    email character varying(255) NOT NULL,
    phone character varying(32),
    first_name character varying(100) NOT NULL,
    last_name character varying(100)
);


ALTER TABLE public.masters OWNER TO clay_shop;

--
-- Name: masters_id_seq; Type: SEQUENCE; Schema: public; Owner: clay_shop
--

ALTER TABLE public.masters ALTER COLUMN id ADD GENERATED BY DEFAULT AS IDENTITY (
    SEQUENCE NAME public.masters_id_seq
    START WITH 1
    INCREMENT BY 1
    NO MINVALUE
    NO MAXVALUE
    CACHE 1
);


--
-- Name: product_types; Type: TABLE; Schema: public; Owner: clay_shop
--

CREATE TABLE public.product_types (
    id bigint NOT NULL,
    name character varying(100) NOT NULL,
    description text
);


ALTER TABLE public.product_types OWNER TO clay_shop;

--
-- Name: product_types_id_seq; Type: SEQUENCE; Schema: public; Owner: clay_shop
--

ALTER TABLE public.product_types ALTER COLUMN id ADD GENERATED BY DEFAULT AS IDENTITY (
    SEQUENCE NAME public.product_types_id_seq
    START WITH 1
    INCREMENT BY 1
    NO MINVALUE
    NO MAXVALUE
    CACHE 1
);


--
-- Name: products; Type: TABLE; Schema: public; Owner: clay_shop
--

CREATE TABLE public.products (
    id bigint NOT NULL,
    name character varying(255) NOT NULL,
    size character varying(100),
    weight integer,
    photo_blob bytea,
    description text,
    material character varying(150),
    price numeric(12,2),
    stock_qty integer NOT NULL,
    collection_id bigint NOT NULL,
    master_id bigint NOT NULL,
    product_type_id bigint NOT NULL,
    CONSTRAINT products_price_gte_0 CHECK (((price >= (0)::numeric) OR (price IS NULL))),
    CONSTRAINT products_stock_qty_gte_0 CHECK ((stock_qty >= 0)),
    CONSTRAINT products_weight_gte_0 CHECK (((weight >= 0) OR (weight IS NULL)))
);


ALTER TABLE public.products OWNER TO clay_shop;

--
-- Name: products_id_seq; Type: SEQUENCE; Schema: public; Owner: clay_shop
--

ALTER TABLE public.products ALTER COLUMN id ADD GENERATED BY DEFAULT AS IDENTITY (
    SEQUENCE NAME public.products_id_seq
    START WITH 1
    INCREMENT BY 1
    NO MINVALUE
    NO MAXVALUE
    CACHE 1
);


--
-- Data for Name: auth_group; Type: TABLE DATA; Schema: public; Owner: clay_shop
--

COPY public.auth_group (id, name) FROM stdin;
\.


--
-- Data for Name: auth_group_permissions; Type: TABLE DATA; Schema: public; Owner: clay_shop
--

COPY public.auth_group_permissions (id, group_id, permission_id) FROM stdin;
\.


--
-- Data for Name: auth_permission; Type: TABLE DATA; Schema: public; Owner: clay_shop
--

COPY public.auth_permission (id, name, content_type_id, codename) FROM stdin;
1	Can add log entry	1	add_logentry
2	Can change log entry	1	change_logentry
3	Can delete log entry	1	delete_logentry
4	Can view log entry	1	view_logentry
5	Can add permission	2	add_permission
6	Can change permission	2	change_permission
7	Can delete permission	2	delete_permission
8	Can view permission	2	view_permission
9	Can add group	3	add_group
10	Can change group	3	change_group
11	Can delete group	3	delete_group
12	Can view group	3	view_group
13	Can add user	4	add_user
14	Can change user	4	change_user
15	Can delete user	4	delete_user
16	Can view user	4	view_user
17	Can add content type	5	add_contenttype
18	Can change content type	5	change_contenttype
19	Can delete content type	5	delete_contenttype
20	Can view content type	5	view_contenttype
21	Can add session	6	add_session
22	Can change session	6	change_session
23	Can delete session	6	delete_session
24	Can view session	6	view_session
25	Can add Collection	7	add_collection
26	Can change Collection	7	change_collection
27	Can delete Collection	7	delete_collection
28	Can view Collection	7	view_collection
29	Can add Master	8	add_master
30	Can change Master	8	change_master
31	Can delete Master	8	delete_master
32	Can view Master	8	view_master
33	Can add Product Type	9	add_producttype
34	Can change Product Type	9	change_producttype
35	Can delete Product Type	9	delete_producttype
36	Can view Product Type	9	view_producttype
37	Can add Product	10	add_product
38	Can change Product	10	change_product
39	Can delete Product	10	delete_product
40	Can view Product	10	view_product
\.


--
-- Data for Name: auth_user; Type: TABLE DATA; Schema: public; Owner: clay_shop
--

COPY public.auth_user (id, password, last_login, is_superuser, username, first_name, last_name, email, is_staff, is_active, date_joined) FROM stdin;
1	pbkdf2_sha256$1000000$X6mJQfLKm1QERkec8swbSg$wmoNhfKGjoCunSkhOkZF760xkWJGoST27qdI4/evywk=	2026-03-15 19:36:45.482643+00	t	admin			admin@example.com	t	t	2026-03-15 19:28:42.838047+00
\.


--
-- Data for Name: auth_user_groups; Type: TABLE DATA; Schema: public; Owner: clay_shop
--

COPY public.auth_user_groups (id, user_id, group_id) FROM stdin;
\.


--
-- Data for Name: auth_user_user_permissions; Type: TABLE DATA; Schema: public; Owner: clay_shop
--

COPY public.auth_user_user_permissions (id, user_id, permission_id) FROM stdin;
\.


--
-- Data for Name: collections; Type: TABLE DATA; Schema: public; Owner: clay_shop
--

COPY public.collections (id, name, description) FROM stdin;
1	Точечные	Фигурки раскрашенные в стилистике точек
2	Геншин слаймы	Слаймы из игры геншин импакт
3	Скилеты	Фигурки раскрашенные под скилетов
4	Ходячий замок	Фигурки по мотивам аниме "Ходячий замок"
5	Трогательные котятки	Фигурки лежащих на спине котят с тактильным покрытием
6	Одиночные изделия	Изделия без принадлежности к коллекции, сделанные в одном экземпляре.
\.


--
-- Data for Name: django_admin_log; Type: TABLE DATA; Schema: public; Owner: clay_shop
--

COPY public.django_admin_log (id, action_time, object_id, object_repr, action_flag, change_message, content_type_id, user_id) FROM stdin;
1	2026-03-15 19:38:48.238838+00	1	Шадрина Марина	1	[{"added": {}}]	8	1
2	2026-03-15 19:40:11.212242+00	1	Брелоки	1	[{"added": {}}]	9	1
3	2026-03-15 19:40:53.528859+00	2	Мини-фигурки настольные	1	[{"added": {}}]	9	1
4	2026-03-15 19:42:08.37757+00	3	Подсвечники	1	[{"added": {}}]	9	1
5	2026-03-15 19:43:19.507638+00	4	Контейнер для медиаторов	1	[{"added": {}}]	9	1
6	2026-03-15 19:45:03.919365+00	1	Точечные	1	[{"added": {}}]	7	1
7	2026-03-15 19:47:08.862803+00	2	Геншин слаймы	1	[{"added": {}}]	7	1
8	2026-03-15 19:47:50.567578+00	3	Скилеты	1	[{"added": {}}]	7	1
9	2026-03-15 19:48:32.583885+00	4	Ходячий замок	1	[{"added": {}}]	7	1
10	2026-03-15 19:49:11.277879+00	5	Трогательные котятки	1	[{"added": {}}]	7	1
11	2026-03-15 19:49:55.214185+00	6	Пиалы для хранения украшений	1	[{"added": {}}]	7	1
12	2026-03-15 19:50:33.7843+00	5	Пиалы для хранения украшений	1	[{"added": {}}]	9	1
13	2026-03-15 19:51:49.072838+00	6	Одиночные изделия	2	[{"changed": {"fields": ["Name", "Description"]}}]	7	1
14	2026-03-15 20:09:23.786543+00	1	Брелок водный слайм "Геншин импакт"	1	[{"added": {}}]	10	1
15	2026-03-15 20:10:37.703187+00	1	Брелок лягушка волшебник	2	[{"changed": {"fields": ["Name", "Size", "Collection", "Description"]}}]	10	1
16	2026-03-15 20:10:48.398448+00	1	Брелок лягушка волшебник	2	[]	10	1
17	2026-03-15 20:12:04.115254+00	2	Брелок водный слайм "Геншин импакт"	1	[{"added": {}}]	10	1
18	2026-03-15 20:25:44.106166+00	1	Брелок лягушка волшебник	3		10	1
19	2026-03-15 20:25:47.313206+00	2	Брелок водный слайм "Геншин импакт"	3		10	1
20	2026-03-15 21:02:41.135828+00	3	Точечная синяя медузка	1	[{"added": {}}]	10	1
21	2026-03-15 21:03:14.030873+00	3	Точечная синяя медузка	2	[{"changed": {"fields": ["Photo blob"]}}]	10	1
22	2026-03-15 21:04:50.411506+00	4	Точечный Огонёк	1	[{"added": {}}]	10	1
23	2026-03-15 21:06:12.141224+00	5	Кот-скелет	1	[{"added": {}}]	10	1
24	2026-03-15 21:08:02.333826+00	6	Трогательный котик	1	[{"added": {}}]	10	1
25	2026-03-15 21:09:29.103116+00	7	Подсвечник Кальцифер "Ходячий замок"	1	[{"added": {}}]	10	1
26	2026-03-15 21:10:38.770901+00	8	Водный слайм "геншин"	1	[{"added": {}}]	10	1
27	2026-03-15 21:10:54.407472+00	8	Водный слайм "Геншин"	2	[{"changed": {"fields": ["Name", "Photo blob"]}}]	10	1
28	2026-03-15 21:12:59.610942+00	9	Пиала фиолетовая "Луна"	1	[{"added": {}}]	10	1
29	2026-03-15 21:14:56.771028+00	10	Комбик "Маршал" контейнер для медиаторов	1	[{"added": {}}]	10	1
\.


--
-- Data for Name: django_content_type; Type: TABLE DATA; Schema: public; Owner: clay_shop
--

COPY public.django_content_type (id, app_label, model) FROM stdin;
1	admin	logentry
2	auth	permission
3	auth	group
4	auth	user
5	contenttypes	contenttype
6	sessions	session
7	catalog	collection
8	catalog	master
9	catalog	producttype
10	catalog	product
\.


--
-- Data for Name: django_migrations; Type: TABLE DATA; Schema: public; Owner: clay_shop
--

COPY public.django_migrations (id, app, name, applied) FROM stdin;
1	contenttypes	0001_initial	2026-03-15 19:28:42.332556+00
2	auth	0001_initial	2026-03-15 19:28:42.524067+00
3	admin	0001_initial	2026-03-15 19:28:42.562961+00
4	admin	0002_logentry_remove_auto_add	2026-03-15 19:28:42.57109+00
5	admin	0003_logentry_add_action_flag_choices	2026-03-15 19:28:42.578847+00
6	contenttypes	0002_remove_content_type_name	2026-03-15 19:28:42.594917+00
7	auth	0002_alter_permission_name_max_length	2026-03-15 19:28:42.604084+00
8	auth	0003_alter_user_email_max_length	2026-03-15 19:28:42.612846+00
9	auth	0004_alter_user_username_opts	2026-03-15 19:28:42.620263+00
10	auth	0005_alter_user_last_login_null	2026-03-15 19:28:42.628867+00
11	auth	0006_require_contenttypes_0002	2026-03-15 19:28:42.631555+00
12	auth	0007_alter_validators_add_error_messages	2026-03-15 19:28:42.63875+00
13	auth	0008_alter_user_username_max_length	2026-03-15 19:28:42.656059+00
14	auth	0009_alter_user_last_name_max_length	2026-03-15 19:28:42.666005+00
15	auth	0010_alter_group_name_max_length	2026-03-15 19:28:42.677271+00
16	auth	0011_update_proxy_permissions	2026-03-15 19:28:42.686448+00
17	auth	0012_alter_user_first_name_max_length	2026-03-15 19:28:42.694712+00
18	catalog	0001_initial	2026-03-15 19:28:42.828029+00
19	catalog	0002_create_superuser	2026-03-15 19:28:43.044156+00
20	sessions	0001_initial	2026-03-15 19:28:43.070328+00
\.


--
-- Data for Name: django_session; Type: TABLE DATA; Schema: public; Owner: clay_shop
--

COPY public.django_session (session_key, session_data, expire_date) FROM stdin;
3nml6fdime62wbovd4qsvec8i0kmmg6f	.eJxVjDsOwjAQRO_iGlm2443XlPQ5g7X-LAkgW8qnQtydREoB1Ujz3sxbBNrWMWxLmcOUxVVocfntIqVnqQfID6r3JlOr6zxFeSjypIscWi6v2-n-HYy0jPvaUI-QyAArpxRzx67jHPfQiGgtmcjgPfRZE3gyjM5YtNp4hI4TiM8X1x43LA:1w1rGX:H-HX-w9f3RbCK0piR9VcylWx8udap7oGqaIufAwK2ow	2026-03-29 19:36:45.485402+00
\.


--
-- Data for Name: masters; Type: TABLE DATA; Schema: public; Owner: clay_shop
--

COPY public.masters (id, telegram_username, email, phone, first_name, last_name) FROM stdin;
1	busina_lapusina	busina_lapusina@mail.ru	+79673111111	Шадрина	Марина
\.


--
-- Data for Name: product_types; Type: TABLE DATA; Schema: public; Owner: clay_shop
--

COPY public.product_types (id, name, description) FROM stdin;
1	Брелоки	Маленькие фигурки на шнурках
2	Мини-фигурки настольные	Маленькие фигурки для рабочего стола
3	Подсвечники	Глиняные подставки под чайные свечи
4	Контейнер для медиаторов	Контейнер для хранения медиаторов
5	Пиалы для хранения украшений	Тарелочки для хранения украшений
\.


--
-- Data for Name: products; Type: TABLE DATA; Schema: public; Owner: clay_shop
--

COPY public.products (id, name, size, weight, photo_blob, description, material, price, stock_qty, collection_id, master_id, product_type_id) FROM stdin;
3	Точечная синяя медузка	2*2*2	6	\\x70726f647563745f70686f746f732fd0a4d0b8d0b3d183d180d0bad0b05fd182d0bed187d0b5d187d0bdd0b0d18f5fd0bcd0b5d0b4d183d0b7d0bad0b05fd181d180d0b5d0b4d0bdd18fd18f5fd181d0b8d0bdd18fd18f5fd0b3d0bbd18fd0bdd186d0b5d0b2d0b0d18f5f707133327179472e6a7067	Фигурка точечная медузка средняя синяя глянцевая	Глина, Акриловая краска, UF-смола	600.00	1	1	1	2
4	Точечный Огонёк	2*2*2	5	\\x70726f647563745f70686f746f732fd0a4d0b8d0b3d183d180d0bad0b05fd182d0bed187d0b5d187d0bdd18bd0b95fd0bed0b3d0bed0bdd191d0ba5fd0b3d0bbd18fd0bdd186d0b5d0b2d18bd0b92e6a7067	Фигурка точечный огонёк глянцевый	Глина, Акриловая краска, UF-смола	500.00	0	1	1	2
5	Кот-скелет	3*1,5*2	6	\\x70726f647563745f70686f746f732fd0a4d0b8d0b3d183d180d0bad0b05fd0bad0bed1822dd181d0bad0b5d0bbd0b5d1825fd0b3d0bbd18fd0bdd186d0b5d0b2d18bd0b92e6a7067	Фигурка кот-скелет глянцевый	Глина, Акриловая краска, UF-смола	800.00	1	3	1	2
6	Трогательный котик	4*2*1,5	5	\\x70726f647563745f70686f746f732fd0a2d180d0bed0b3d0b0d182d0b5d0bbd18cd0bdd18bd0b95fd0bad0bed182d0b8d0ba5fd0b3d0bbd18fd0bdd186d0b5d0b2d18bd0b92e6a7067	Трогательный котик глянцевый	Глина, Акриловая краска, UF-смола	800.00	1	5	1	2
7	Подсвечник Кальцифер "Ходячий замок"	8*5*12	60	\\x70726f647563745f70686f746f732fd09fd0bed0b4d181d0b2d0b5d187d0bdd0b8d0ba5fd09ad0b0d0bbd18cd186d0b8d184d0b5d1805fd0b0d0bdd0b8d0bcd0b55fd0a5d0bed0b4d18fd187d0b8d0b95fd0b7d0b0d0bcd0bed0ba5fd0bcd0b0d182d0bed0b2d18bd0b92e6a7067	Подсвечник Кальцифер аниме Ходячий замок матовый	Глина, Акриловая краска, Акриловый лак	2000.00	1	4	1	3
8	Водный слайм "Геншин"	2*2*2	5	\\x70726f647563745f70686f746f732fd091d180d0b5d0bbd0bed0ba5fd0b2d0bed0b4d0bdd18bd0b95fd181d0bbd0b0d0b9d0bc5fd0b3d0b5d0bdd188d0b8d0bd5fd0b3d0bbd18fd0bdd186d0b5d0b2d18bd0b92e6a7067	Брелок водный слайм геншин импакт глянцевый	Глина, Акриловая краска, UF-смола	600.00	1	2	1	1
9	Пиала фиолетовая "Луна"	7*7*1	20	\\x70726f647563745f70686f746f732fd0a2d0b0d180d0b5d0bbd0bad0b05fd184d0b8d0bed0bbd0b5d182d0bed0b2d0b0d18f5fd184d0b0d0bad182d183d180d0bdd0b0d18f5fd0bcd0b0d182d0bed0b2d0b0d18f2e6a7067	Пиала фиолетовая текстурная матовая "Луна" с серебряной окантовкой	Глина, Акриловая краска, Акриловый лак	700.00	1	6	1	5
10	Комбик "Маршал" контейнер для медиаторов	5*5*3	50	\\x70726f647563745f70686f746f732fd09fd0bed0b4d181d182d0b0d0b2d0bad0b05fd0bfd0bed0b45fd0bcd0b5d0b4d0b8d0b0d182d0bed180d18b2e6a7067	Контейнер ф форме комбика "Маршал" для хранения медиаторов	Глина, Акриловая краска, Акриловый лак	2000.00	1	6	1	4
\.


--
-- Name: auth_group_id_seq; Type: SEQUENCE SET; Schema: public; Owner: clay_shop
--

SELECT pg_catalog.setval('public.auth_group_id_seq', 1, false);


--
-- Name: auth_group_permissions_id_seq; Type: SEQUENCE SET; Schema: public; Owner: clay_shop
--

SELECT pg_catalog.setval('public.auth_group_permissions_id_seq', 1, false);


--
-- Name: auth_permission_id_seq; Type: SEQUENCE SET; Schema: public; Owner: clay_shop
--

SELECT pg_catalog.setval('public.auth_permission_id_seq', 40, true);


--
-- Name: auth_user_groups_id_seq; Type: SEQUENCE SET; Schema: public; Owner: clay_shop
--

SELECT pg_catalog.setval('public.auth_user_groups_id_seq', 1, false);


--
-- Name: auth_user_id_seq; Type: SEQUENCE SET; Schema: public; Owner: clay_shop
--

SELECT pg_catalog.setval('public.auth_user_id_seq', 1, true);


--
-- Name: auth_user_user_permissions_id_seq; Type: SEQUENCE SET; Schema: public; Owner: clay_shop
--

SELECT pg_catalog.setval('public.auth_user_user_permissions_id_seq', 1, false);


--
-- Name: collections_id_seq; Type: SEQUENCE SET; Schema: public; Owner: clay_shop
--

SELECT pg_catalog.setval('public.collections_id_seq', 6, true);


--
-- Name: django_admin_log_id_seq; Type: SEQUENCE SET; Schema: public; Owner: clay_shop
--

SELECT pg_catalog.setval('public.django_admin_log_id_seq', 29, true);


--
-- Name: django_content_type_id_seq; Type: SEQUENCE SET; Schema: public; Owner: clay_shop
--

SELECT pg_catalog.setval('public.django_content_type_id_seq', 10, true);


--
-- Name: django_migrations_id_seq; Type: SEQUENCE SET; Schema: public; Owner: clay_shop
--

SELECT pg_catalog.setval('public.django_migrations_id_seq', 20, true);


--
-- Name: masters_id_seq; Type: SEQUENCE SET; Schema: public; Owner: clay_shop
--

SELECT pg_catalog.setval('public.masters_id_seq', 1, true);


--
-- Name: product_types_id_seq; Type: SEQUENCE SET; Schema: public; Owner: clay_shop
--

SELECT pg_catalog.setval('public.product_types_id_seq', 5, true);


--
-- Name: products_id_seq; Type: SEQUENCE SET; Schema: public; Owner: clay_shop
--

SELECT pg_catalog.setval('public.products_id_seq', 10, true);


--
-- Name: auth_group auth_group_name_key; Type: CONSTRAINT; Schema: public; Owner: clay_shop
--

ALTER TABLE ONLY public.auth_group
    ADD CONSTRAINT auth_group_name_key UNIQUE (name);


--
-- Name: auth_group_permissions auth_group_permissions_group_id_permission_id_0cd325b0_uniq; Type: CONSTRAINT; Schema: public; Owner: clay_shop
--

ALTER TABLE ONLY public.auth_group_permissions
    ADD CONSTRAINT auth_group_permissions_group_id_permission_id_0cd325b0_uniq UNIQUE (group_id, permission_id);


--
-- Name: auth_group_permissions auth_group_permissions_pkey; Type: CONSTRAINT; Schema: public; Owner: clay_shop
--

ALTER TABLE ONLY public.auth_group_permissions
    ADD CONSTRAINT auth_group_permissions_pkey PRIMARY KEY (id);


--
-- Name: auth_group auth_group_pkey; Type: CONSTRAINT; Schema: public; Owner: clay_shop
--

ALTER TABLE ONLY public.auth_group
    ADD CONSTRAINT auth_group_pkey PRIMARY KEY (id);


--
-- Name: auth_permission auth_permission_content_type_id_codename_01ab375a_uniq; Type: CONSTRAINT; Schema: public; Owner: clay_shop
--

ALTER TABLE ONLY public.auth_permission
    ADD CONSTRAINT auth_permission_content_type_id_codename_01ab375a_uniq UNIQUE (content_type_id, codename);


--
-- Name: auth_permission auth_permission_pkey; Type: CONSTRAINT; Schema: public; Owner: clay_shop
--

ALTER TABLE ONLY public.auth_permission
    ADD CONSTRAINT auth_permission_pkey PRIMARY KEY (id);


--
-- Name: auth_user_groups auth_user_groups_pkey; Type: CONSTRAINT; Schema: public; Owner: clay_shop
--

ALTER TABLE ONLY public.auth_user_groups
    ADD CONSTRAINT auth_user_groups_pkey PRIMARY KEY (id);


--
-- Name: auth_user_groups auth_user_groups_user_id_group_id_94350c0c_uniq; Type: CONSTRAINT; Schema: public; Owner: clay_shop
--

ALTER TABLE ONLY public.auth_user_groups
    ADD CONSTRAINT auth_user_groups_user_id_group_id_94350c0c_uniq UNIQUE (user_id, group_id);


--
-- Name: auth_user auth_user_pkey; Type: CONSTRAINT; Schema: public; Owner: clay_shop
--

ALTER TABLE ONLY public.auth_user
    ADD CONSTRAINT auth_user_pkey PRIMARY KEY (id);


--
-- Name: auth_user_user_permissions auth_user_user_permissions_pkey; Type: CONSTRAINT; Schema: public; Owner: clay_shop
--

ALTER TABLE ONLY public.auth_user_user_permissions
    ADD CONSTRAINT auth_user_user_permissions_pkey PRIMARY KEY (id);


--
-- Name: auth_user_user_permissions auth_user_user_permissions_user_id_permission_id_14a6b632_uniq; Type: CONSTRAINT; Schema: public; Owner: clay_shop
--

ALTER TABLE ONLY public.auth_user_user_permissions
    ADD CONSTRAINT auth_user_user_permissions_user_id_permission_id_14a6b632_uniq UNIQUE (user_id, permission_id);


--
-- Name: auth_user auth_user_username_key; Type: CONSTRAINT; Schema: public; Owner: clay_shop
--

ALTER TABLE ONLY public.auth_user
    ADD CONSTRAINT auth_user_username_key UNIQUE (username);


--
-- Name: collections collections_name_key; Type: CONSTRAINT; Schema: public; Owner: clay_shop
--

ALTER TABLE ONLY public.collections
    ADD CONSTRAINT collections_name_key UNIQUE (name);


--
-- Name: collections collections_pkey; Type: CONSTRAINT; Schema: public; Owner: clay_shop
--

ALTER TABLE ONLY public.collections
    ADD CONSTRAINT collections_pkey PRIMARY KEY (id);


--
-- Name: django_admin_log django_admin_log_pkey; Type: CONSTRAINT; Schema: public; Owner: clay_shop
--

ALTER TABLE ONLY public.django_admin_log
    ADD CONSTRAINT django_admin_log_pkey PRIMARY KEY (id);


--
-- Name: django_content_type django_content_type_app_label_model_76bd3d3b_uniq; Type: CONSTRAINT; Schema: public; Owner: clay_shop
--

ALTER TABLE ONLY public.django_content_type
    ADD CONSTRAINT django_content_type_app_label_model_76bd3d3b_uniq UNIQUE (app_label, model);


--
-- Name: django_content_type django_content_type_pkey; Type: CONSTRAINT; Schema: public; Owner: clay_shop
--

ALTER TABLE ONLY public.django_content_type
    ADD CONSTRAINT django_content_type_pkey PRIMARY KEY (id);


--
-- Name: django_migrations django_migrations_pkey; Type: CONSTRAINT; Schema: public; Owner: clay_shop
--

ALTER TABLE ONLY public.django_migrations
    ADD CONSTRAINT django_migrations_pkey PRIMARY KEY (id);


--
-- Name: django_session django_session_pkey; Type: CONSTRAINT; Schema: public; Owner: clay_shop
--

ALTER TABLE ONLY public.django_session
    ADD CONSTRAINT django_session_pkey PRIMARY KEY (session_key);


--
-- Name: masters masters_email_key; Type: CONSTRAINT; Schema: public; Owner: clay_shop
--

ALTER TABLE ONLY public.masters
    ADD CONSTRAINT masters_email_key UNIQUE (email);


--
-- Name: masters masters_phone_key; Type: CONSTRAINT; Schema: public; Owner: clay_shop
--

ALTER TABLE ONLY public.masters
    ADD CONSTRAINT masters_phone_key UNIQUE (phone);


--
-- Name: masters masters_pkey; Type: CONSTRAINT; Schema: public; Owner: clay_shop
--

ALTER TABLE ONLY public.masters
    ADD CONSTRAINT masters_pkey PRIMARY KEY (id);


--
-- Name: masters masters_telegram_username_key; Type: CONSTRAINT; Schema: public; Owner: clay_shop
--

ALTER TABLE ONLY public.masters
    ADD CONSTRAINT masters_telegram_username_key UNIQUE (telegram_username);


--
-- Name: product_types product_types_name_key; Type: CONSTRAINT; Schema: public; Owner: clay_shop
--

ALTER TABLE ONLY public.product_types
    ADD CONSTRAINT product_types_name_key UNIQUE (name);


--
-- Name: product_types product_types_pkey; Type: CONSTRAINT; Schema: public; Owner: clay_shop
--

ALTER TABLE ONLY public.product_types
    ADD CONSTRAINT product_types_pkey PRIMARY KEY (id);


--
-- Name: products products_pkey; Type: CONSTRAINT; Schema: public; Owner: clay_shop
--

ALTER TABLE ONLY public.products
    ADD CONSTRAINT products_pkey PRIMARY KEY (id);


--
-- Name: auth_group_name_a6ea08ec_like; Type: INDEX; Schema: public; Owner: clay_shop
--

CREATE INDEX auth_group_name_a6ea08ec_like ON public.auth_group USING btree (name varchar_pattern_ops);


--
-- Name: auth_group_permissions_group_id_b120cbf9; Type: INDEX; Schema: public; Owner: clay_shop
--

CREATE INDEX auth_group_permissions_group_id_b120cbf9 ON public.auth_group_permissions USING btree (group_id);


--
-- Name: auth_group_permissions_permission_id_84c5c92e; Type: INDEX; Schema: public; Owner: clay_shop
--

CREATE INDEX auth_group_permissions_permission_id_84c5c92e ON public.auth_group_permissions USING btree (permission_id);


--
-- Name: auth_permission_content_type_id_2f476e4b; Type: INDEX; Schema: public; Owner: clay_shop
--

CREATE INDEX auth_permission_content_type_id_2f476e4b ON public.auth_permission USING btree (content_type_id);


--
-- Name: auth_user_groups_group_id_97559544; Type: INDEX; Schema: public; Owner: clay_shop
--

CREATE INDEX auth_user_groups_group_id_97559544 ON public.auth_user_groups USING btree (group_id);


--
-- Name: auth_user_groups_user_id_6a12ed8b; Type: INDEX; Schema: public; Owner: clay_shop
--

CREATE INDEX auth_user_groups_user_id_6a12ed8b ON public.auth_user_groups USING btree (user_id);


--
-- Name: auth_user_user_permissions_permission_id_1fbb5f2c; Type: INDEX; Schema: public; Owner: clay_shop
--

CREATE INDEX auth_user_user_permissions_permission_id_1fbb5f2c ON public.auth_user_user_permissions USING btree (permission_id);


--
-- Name: auth_user_user_permissions_user_id_a95ead1b; Type: INDEX; Schema: public; Owner: clay_shop
--

CREATE INDEX auth_user_user_permissions_user_id_a95ead1b ON public.auth_user_user_permissions USING btree (user_id);


--
-- Name: auth_user_username_6821ab7c_like; Type: INDEX; Schema: public; Owner: clay_shop
--

CREATE INDEX auth_user_username_6821ab7c_like ON public.auth_user USING btree (username varchar_pattern_ops);


--
-- Name: collections_name_c898e2c4_like; Type: INDEX; Schema: public; Owner: clay_shop
--

CREATE INDEX collections_name_c898e2c4_like ON public.collections USING btree (name varchar_pattern_ops);


--
-- Name: django_admin_log_content_type_id_c4bce8eb; Type: INDEX; Schema: public; Owner: clay_shop
--

CREATE INDEX django_admin_log_content_type_id_c4bce8eb ON public.django_admin_log USING btree (content_type_id);


--
-- Name: django_admin_log_user_id_c564eba6; Type: INDEX; Schema: public; Owner: clay_shop
--

CREATE INDEX django_admin_log_user_id_c564eba6 ON public.django_admin_log USING btree (user_id);


--
-- Name: django_session_expire_date_a5c62663; Type: INDEX; Schema: public; Owner: clay_shop
--

CREATE INDEX django_session_expire_date_a5c62663 ON public.django_session USING btree (expire_date);


--
-- Name: django_session_session_key_c0390e0f_like; Type: INDEX; Schema: public; Owner: clay_shop
--

CREATE INDEX django_session_session_key_c0390e0f_like ON public.django_session USING btree (session_key varchar_pattern_ops);


--
-- Name: masters_email_39644c61_like; Type: INDEX; Schema: public; Owner: clay_shop
--

CREATE INDEX masters_email_39644c61_like ON public.masters USING btree (email varchar_pattern_ops);


--
-- Name: masters_phone_19997275_like; Type: INDEX; Schema: public; Owner: clay_shop
--

CREATE INDEX masters_phone_19997275_like ON public.masters USING btree (phone varchar_pattern_ops);


--
-- Name: masters_telegram_username_4d808a3f_like; Type: INDEX; Schema: public; Owner: clay_shop
--

CREATE INDEX masters_telegram_username_4d808a3f_like ON public.masters USING btree (telegram_username varchar_pattern_ops);


--
-- Name: product_types_name_3ab66827_like; Type: INDEX; Schema: public; Owner: clay_shop
--

CREATE INDEX product_types_name_3ab66827_like ON public.product_types USING btree (name varchar_pattern_ops);


--
-- Name: products_collection_id_3808ce0d; Type: INDEX; Schema: public; Owner: clay_shop
--

CREATE INDEX products_collection_id_3808ce0d ON public.products USING btree (collection_id);


--
-- Name: products_master_id_1e8ee5e1; Type: INDEX; Schema: public; Owner: clay_shop
--

CREATE INDEX products_master_id_1e8ee5e1 ON public.products USING btree (master_id);


--
-- Name: products_product_type_id_7f6a9eef; Type: INDEX; Schema: public; Owner: clay_shop
--

CREATE INDEX products_product_type_id_7f6a9eef ON public.products USING btree (product_type_id);


--
-- Name: auth_group_permissions auth_group_permissio_permission_id_84c5c92e_fk_auth_perm; Type: FK CONSTRAINT; Schema: public; Owner: clay_shop
--

ALTER TABLE ONLY public.auth_group_permissions
    ADD CONSTRAINT auth_group_permissio_permission_id_84c5c92e_fk_auth_perm FOREIGN KEY (permission_id) REFERENCES public.auth_permission(id) DEFERRABLE INITIALLY DEFERRED;


--
-- Name: auth_group_permissions auth_group_permissions_group_id_b120cbf9_fk_auth_group_id; Type: FK CONSTRAINT; Schema: public; Owner: clay_shop
--

ALTER TABLE ONLY public.auth_group_permissions
    ADD CONSTRAINT auth_group_permissions_group_id_b120cbf9_fk_auth_group_id FOREIGN KEY (group_id) REFERENCES public.auth_group(id) DEFERRABLE INITIALLY DEFERRED;


--
-- Name: auth_permission auth_permission_content_type_id_2f476e4b_fk_django_co; Type: FK CONSTRAINT; Schema: public; Owner: clay_shop
--

ALTER TABLE ONLY public.auth_permission
    ADD CONSTRAINT auth_permission_content_type_id_2f476e4b_fk_django_co FOREIGN KEY (content_type_id) REFERENCES public.django_content_type(id) DEFERRABLE INITIALLY DEFERRED;


--
-- Name: auth_user_groups auth_user_groups_group_id_97559544_fk_auth_group_id; Type: FK CONSTRAINT; Schema: public; Owner: clay_shop
--

ALTER TABLE ONLY public.auth_user_groups
    ADD CONSTRAINT auth_user_groups_group_id_97559544_fk_auth_group_id FOREIGN KEY (group_id) REFERENCES public.auth_group(id) DEFERRABLE INITIALLY DEFERRED;


--
-- Name: auth_user_groups auth_user_groups_user_id_6a12ed8b_fk_auth_user_id; Type: FK CONSTRAINT; Schema: public; Owner: clay_shop
--

ALTER TABLE ONLY public.auth_user_groups
    ADD CONSTRAINT auth_user_groups_user_id_6a12ed8b_fk_auth_user_id FOREIGN KEY (user_id) REFERENCES public.auth_user(id) DEFERRABLE INITIALLY DEFERRED;


--
-- Name: auth_user_user_permissions auth_user_user_permi_permission_id_1fbb5f2c_fk_auth_perm; Type: FK CONSTRAINT; Schema: public; Owner: clay_shop
--

ALTER TABLE ONLY public.auth_user_user_permissions
    ADD CONSTRAINT auth_user_user_permi_permission_id_1fbb5f2c_fk_auth_perm FOREIGN KEY (permission_id) REFERENCES public.auth_permission(id) DEFERRABLE INITIALLY DEFERRED;


--
-- Name: auth_user_user_permissions auth_user_user_permissions_user_id_a95ead1b_fk_auth_user_id; Type: FK CONSTRAINT; Schema: public; Owner: clay_shop
--

ALTER TABLE ONLY public.auth_user_user_permissions
    ADD CONSTRAINT auth_user_user_permissions_user_id_a95ead1b_fk_auth_user_id FOREIGN KEY (user_id) REFERENCES public.auth_user(id) DEFERRABLE INITIALLY DEFERRED;


--
-- Name: django_admin_log django_admin_log_content_type_id_c4bce8eb_fk_django_co; Type: FK CONSTRAINT; Schema: public; Owner: clay_shop
--

ALTER TABLE ONLY public.django_admin_log
    ADD CONSTRAINT django_admin_log_content_type_id_c4bce8eb_fk_django_co FOREIGN KEY (content_type_id) REFERENCES public.django_content_type(id) DEFERRABLE INITIALLY DEFERRED;


--
-- Name: django_admin_log django_admin_log_user_id_c564eba6_fk_auth_user_id; Type: FK CONSTRAINT; Schema: public; Owner: clay_shop
--

ALTER TABLE ONLY public.django_admin_log
    ADD CONSTRAINT django_admin_log_user_id_c564eba6_fk_auth_user_id FOREIGN KEY (user_id) REFERENCES public.auth_user(id) DEFERRABLE INITIALLY DEFERRED;


--
-- Name: products products_collection_id_3808ce0d_fk_collections_id; Type: FK CONSTRAINT; Schema: public; Owner: clay_shop
--

ALTER TABLE ONLY public.products
    ADD CONSTRAINT products_collection_id_3808ce0d_fk_collections_id FOREIGN KEY (collection_id) REFERENCES public.collections(id) DEFERRABLE INITIALLY DEFERRED;


--
-- Name: products products_master_id_1e8ee5e1_fk_masters_id; Type: FK CONSTRAINT; Schema: public; Owner: clay_shop
--

ALTER TABLE ONLY public.products
    ADD CONSTRAINT products_master_id_1e8ee5e1_fk_masters_id FOREIGN KEY (master_id) REFERENCES public.masters(id) DEFERRABLE INITIALLY DEFERRED;


--
-- Name: products products_product_type_id_7f6a9eef_fk_product_types_id; Type: FK CONSTRAINT; Schema: public; Owner: clay_shop
--

ALTER TABLE ONLY public.products
    ADD CONSTRAINT products_product_type_id_7f6a9eef_fk_product_types_id FOREIGN KEY (product_type_id) REFERENCES public.product_types(id) DEFERRABLE INITIALLY DEFERRED;


--
-- PostgreSQL database dump complete
--

\unrestrict mdEIM66yrJnDueYKjaKmoik9QzHv377aBk19pYCuGyfP12qnGU8sKO4fDr2nAAD

